SID,model
SID-101917,Senograph DS ADS_43.10.1
SID-101963,Senograph DS ADS_43.10.1
SID-102042,Senograph DS ADS_43.10.1
SID-102225,Senograph DS ADS_43.10.1
SID-102422,Senograph DS ADS_43.10.1
SID-102423,Senograph DS ADS_43.10.1
SID-102433,Senograph DS ADS_43.10.1
SID-102651,Senograph DS ADS_43.10.1
SID-103306,Senographe Essential VERSION ADS_54.11
SID-103971,Senograph DS ADS_43.10.1
SID-104042,Senograph DS ADS_43.10.1
SID-104228,Senograph DS ADS_43.10.1
SID-104250,Senograph DS ADS_43.10.1
SID-104289,Senograph DS ADS_43.10.1
SID-104344,Senograph DS ADS_43.10.1
SID-104352,Senograph DS ADS_43.10.1
SID-104354,Senograph DS ADS_43.10.1
SID-104359,Senograph DS ADS_43.10.1
SID-104362,Senograph DS ADS_43.10.1
SID-104368,Senograph DS ADS_43.10.1
SID-104390,Senograph DS ADS_43.10.1
SID-104406,Senograph DS ADS_43.10.1
SID-104415,Senograph DS ADS_43.10.1
SID-104472,Senograph DS ADS_43.10.1
SID-104549,Senograph DS ADS_43.10.1
SID-104575,Senograph DS ADS_43.10.1
SID-104594,Senograph DS ADS_43.10.1
SID-104773,Senograph DS ADS_43.10.1
SID-104802,Senograph DS ADS_43.10.1
SID-104902,Senograph DS VERSION ADS_54.11
SID-104909,Senograph DS VERSION ADS_54.11
SID-104916,Senograph DS VERSION ADS_54.11
SID-104921,Senographe Essential VERSION ADS_54.11
SID-104938,Senograph DS VERSION ADS_54.11
SID-104953,Senograph DS VERSION ADS_54.11
SID-104966,Senograph DS VERSION ADS_54.11
SID-104968,Senograph DS VERSION ADS_54.11
SID-104971,Senograph DS VERSION ADS_54.11
SID-104979,Senographe Essential VERSION ADS_54.11
SID-104986,Senographe Essential VERSION ADS_54.11
SID-105006,Senograph DS VERSION ADS_54.11
SID-105009,Senographe Essential VERSION ADS_54.11
SID-105030,Senograph DS VERSION ADS_54.11
SID-105031,Senograph DS VERSION ADS_54.11
SID-105048,Senographe Essential VERSION ADS_54.11
SID-105053,Senographe Essential VERSION ADS_54.11
SID-105069,Senograph DS VERSION ADS_54.11
SID-105071,Senographe Essential VERSION ADS_54.11
SID-105073,Senographe Essential VERSION ADS_54.11
SID-105075,Senographe Essential VERSION ADS_54.11
SID-105077,Senograph DS VERSION ADS_54.11
SID-105080,Senographe Essential VERSION ADS_54.11
SID-105084,Senographe Essential VERSION ADS_54.11
SID-105088,Senographe Essential VERSION ADS_54.11
SID-105119,Senograph DS VERSION ADS_54.11
SID-105140,Senographe Essential VERSION ADS_54.11
SID-105143,Senographe Essential VERSION ADS_54.11
SID-105145,Senographe Essential VERSION ADS_54.11
SID-105148,Senographe Essential VERSION ADS_54.11
SID-105166,Senographe Essential VERSION ADS_54.11
SID-105175,Senographe Essential VERSION ADS_54.11
SID-105184,Senograph DS VERSION ADS_54.11
SID-105188,Senographe Essential VERSION ADS_54.11
SID-105207,Senographe Essential VERSION ADS_54.11
SID-105216,Senographe Essential VERSION ADS_54.11
SID-105221,Senograph DS VERSION ADS_54.11
SID-105251,Senographe Essential VERSION ADS_54.11
SID-105256,Senographe Essential VERSION ADS_54.11
SID-105259,Senograph DS VERSION ADS_54.11
SID-105269,Senograph DS VERSION ADS_54.11
SID-105271,Senograph DS VERSION ADS_54.11
SID-105276,Senographe Essential VERSION ADS_54.11
SID-105277,Senographe Essential VERSION ADS_54.11
SID-105289,Senograph DS VERSION ADS_54.11
SID-105297,Senographe Essential VERSION ADS_54.11
SID-105302,Senographe Essential VERSION ADS_54.11
SID-105307,Senograph DS VERSION ADS_54.11
SID-105329,Senographe Essential VERSION ADS_54.11
SID-105331,Senographe Essential VERSION ADS_54.11
SID-105337,Senographe Essential VERSION ADS_54.11
SID-105346,Senograph DS VERSION ADS_54.11
SID-105352,Senograph DS VERSION ADS_54.11
SID-105363,Senographe Essential VERSION ADS_54.11
SID-105366,Senograph DS VERSION ADS_54.11
SID-105367,Senographe Essential VERSION ADS_54.11
SID-105373,Senograph DS VERSION ADS_54.11
SID-105392,Senographe Essential VERSION ADS_54.11
SID-105401,Senograph DS VERSION ADS_54.11
SID-105409,Senograph DS VERSION ADS_54.11
SID-105411,Senographe Essential VERSION ADS_54.11
SID-105426,Senographe Essential VERSION ADS_54.11
SID-105443,Senographe Essential VERSION ADS_54.11
SID-105460,Senographe Essential VERSION ADS_54.11
SID-105476,Senographe Essential VERSION ADS_54.11
SID-105484,Senographe Essential VERSION ADS_54.11
SID-105487,Senographe Essential VERSION ADS_54.11
SID-105490,Senographe Essential VERSION ADS_54.11
SID-105492,Senograph DS VERSION ADS_54.11
SID-105496,Senographe Essential VERSION ADS_54.11
SID-105516,Senographe Essential VERSION ADS_54.11
SID-105527,Senograph DS VERSION ADS_54.11
SID-105528,Senographe Essential VERSION ADS_54.11
SID-105529,Senograph DS VERSION ADS_54.11
SID-105547,Senographe Essential VERSION ADS_54.11
SID-105560,Senograph DS VERSION ADS_54.11
SID-105563,Senographe Essential VERSION ADS_54.11
SID-105572,Senograph DS VERSION ADS_54.11
SID-105580,Senographe Essential VERSION ADS_54.11
SID-105584,Senographe Essential VERSION ADS_54.11
SID-105595,Senographe Essential VERSION ADS_54.11
SID-105598,Senographe Essential VERSION ADS_54.11
SID-105603,Senographe Essential VERSION ADS_54.11
SID-105606,Senographe Essential VERSION ADS_54.11
SID-105607,Senograph DS VERSION ADS_54.11
SID-105619,Senograph DS VERSION ADS_54.11
SID-105620,Senograph DS VERSION ADS_54.11
SID-105627,Senograph DS VERSION ADS_54.11
SID-105628,Senographe Essential VERSION ADS_54.11
SID-105630,Senographe Essential VERSION ADS_54.11
SID-105652,Senographe Essential VERSION ADS_54.11
SID-105662,Senographe Essential VERSION ADS_54.11
SID-105679,Senograph DS VERSION ADS_54.11
SID-105686,Senograph DS VERSION ADS_54.11
SID-105696,Senograph DS VERSION ADS_54.11
SID-105698,Senographe Essential VERSION ADS_54.11
SID-105699,Senographe Essential VERSION ADS_54.11
SID-105700,Senograph DS VERSION ADS_54.11
SID-105717,Senographe Essential VERSION ADS_54.11
SID-105718,Senograph DS VERSION ADS_54.11
SID-105720,Senographe Essential VERSION ADS_54.11
SID-105723,Senograph DS VERSION ADS_54.11
SID-105725,Senograph DS VERSION ADS_54.11
SID-105727,Senographe Essential VERSION ADS_54.11
SID-105741,Senograph DS VERSION ADS_54.11
SID-105743,Senographe Essential VERSION ADS_54.11
SID-105747,Senographe Essential VERSION ADS_54.11
SID-105748,Senograph DS VERSION ADS_54.11
SID-105752,Senographe Essential VERSION ADS_54.11
SID-105760,Senographe Essential VERSION ADS_54.11
SID-105770,Senograph DS VERSION ADS_54.11
SID-105773,Senographe Essential VERSION ADS_54.11
SID-105785,Senograph DS VERSION ADS_54.11
SID-105806,Senographe Essential VERSION ADS_54.11
SID-105808,Senographe Essential VERSION ADS_54.11
SID-105825,Senographe Essential VERSION ADS_54.11
SID-105836,Senograph DS VERSION ADS_54.11
SID-105843,Senographe Essential VERSION ADS_54.11
SID-105844,Senograph DS VERSION ADS_54.11
SID-105851,Senographe Essential VERSION ADS_54.11
SID-105857,Senograph DS VERSION ADS_54.11
SID-105861,Senographe Essential VERSION ADS_54.11
SID-105863,Senographe Essential VERSION ADS_54.11
SID-105872,Senographe Essential VERSION ADS_54.11
SID-105874,Senograph DS VERSION ADS_54.11
SID-105894,Senographe Essential VERSION ADS_54.11
SID-105897,Senographe Essential VERSION ADS_54.11
SID-106938,Senograph DS ADS_43.10.1
SID-106988,Senograph DS VERSION ADS_54.11
SID-107011,Senograph DS ADS_43.10.1
SID-107030,Senograph DS ADS_43.10.1
SID-107163,Senograph DS ADS_43.10.1
SID-107268,Senograph DS ADS_43.10.1
SID-107318,Senograph DS ADS_43.10.1
SID-107338,Senograph DS ADS_43.10.1
SID-107366,Senograph DS ADS_43.10.1
SID-107386,Senograph DS ADS_43.10.1
SID-107392,Senograph DS ADS_43.10.1
SID-107472,Senograph DS ADS_43.10.1
SID-107496,Senograph DS ADS_43.10.1
SID-107713,Senograph DS ADS_43.10.1
SID-107799,Senograph DS ADS_43.10.1
SID-107880,Senograph DS ADS_43.10.1
SID-108256,Senograph DS ADS_43.10.1
SID-108342,Senograph DS ADS_43.10.1
SID-108363,Senograph DS ADS_43.10.1
SID-108370,Senograph DS ADS_43.10.1
SID-108423,Senograph DS ADS_43.10.1
SID-108427,Senograph DS ADS_43.10.1
SID-108439,Senograph DS ADS_43.10.1
SID-108459,Senograph DS ADS_43.10.1
SID-108479,Senograph DS ADS_43.10.1
SID-108507,Senograph DS ADS_43.10.1
SID-108527,Senograph DS ADS_43.10.1
SID-108535,Senographe Essential VERSION ADS_54.11
SID-108547,Senograph DS VERSION ADS_54.11
SID-108557,Senograph DS VERSION ADS_54.11
SID-108559,Senographe Essential VERSION ADS_54.11
SID-108562,Senograph DS ADS_43.10.1
SID-108580,Senographe Essential VERSION ADS_54.11
SID-108582,Senographe Essential VERSION ADS_54.11
SID-108590,Senograph DS VERSION ADS_54.11
SID-108599,Senographe Essential VERSION ADS_54.11
SID-108601,Senograph DS ADS_43.10.1
SID-108614,Senograph DS VERSION ADS_54.11
SID-108620,Senograph DS VERSION ADS_54.11
SID-108622,Senograph DS VERSION ADS_54.11
SID-108630,Senograph DS VERSION ADS_54.11
SID-108639,Senographe Essential VERSION ADS_54.11
SID-108670,Senograph DS VERSION ADS_54.11
SID-108731,Senographe Essential VERSION ADS_54.11
SID-108747,Senograph DS ADS_43.10.1
SID-108748,Senograph DS VERSION ADS_54.11
SID-108765,Senographe Essential VERSION ADS_54.11
SID-108774,Senograph DS VERSION ADS_54.11
SID-108790,Senographe Essential VERSION ADS_54.11
SID-108791,Senograph DS VERSION ADS_54.11
SID-108792,Senographe Essential VERSION ADS_54.11
SID-108810,Senographe Essential VERSION ADS_54.11
SID-108816,Senographe Essential VERSION ADS_54.11
SID-108820,Senograph DS VERSION ADS_54.11
SID-108868,Senograph DS VERSION ADS_54.11
SID-108881,Senograph DS VERSION ADS_54.11
SID-108882,Senograph DS ADS_43.10.1
SID-108894,Senographe Essential VERSION ADS_54.11
SID-108914,Senograph DS VERSION ADS_54.11
SID-108949,Senographe Essential VERSION ADS_54.11
SID-108961,Senographe Essential VERSION ADS_54.11
SID-108964,Senograph DS VERSION ADS_54.11
SID-108967,Senographe Essential VERSION ADS_54.11
SID-108994,Senograph DS VERSION ADS_54.11
SID-108996,Senographe Essential VERSION ADS_54.11
SID-109018,Senograph DS VERSION ADS_54.11
SID-109037,Senograph DS ADS_43.10.1
SID-109050,Senograph DS VERSION ADS_54.11
SID-109066,Senographe Essential VERSION ADS_54.11
SID-109070,Senographe Essential VERSION ADS_54.11
SID-109131,Senograph DS VERSION ADS_54.11
SID-109144,Senographe Essential VERSION ADS_54.11
SID-109146,Senograph DS VERSION ADS_54.11
SID-109150,Senograph DS VERSION ADS_54.11
SID-109152,Senograph DS VERSION ADS_54.11
SID-109157,Senographe Essential VERSION ADS_54.11
SID-109161,Senographe Essential VERSION ADS_54.11
SID-109182,Senographe Essential VERSION ADS_54.11
SID-109183,Senographe Essential VERSION ADS_54.11
SID-109210,Senographe Essential VERSION ADS_54.11
SID-109215,Senographe Essential VERSION ADS_54.11
SID-109227,Senographe Essential VERSION ADS_54.11
SID-109244,Senograph DS VERSION ADS_54.11
SID-109250,Senograph DS ADS_43.10.1
SID-109256,Senographe Essential VERSION ADS_54.11
SID-109291,Senographe Essential VERSION ADS_54.11
SID-109323,Senograph DS VERSION ADS_54.11
SID-109343,Senographe Essential VERSION ADS_54.11
SID-109368,Senographe Essential VERSION ADS_54.11
SID-109376,Senographe Essential VERSION ADS_54.11
SID-109380,Senographe Essential VERSION ADS_54.11
SID-109382,Senographe Essential VERSION ADS_54.11
SID-109385,Senograph DS VERSION ADS_54.11
SID-109393,Senograph DS ADS_43.10.1
SID-109400,Senograph DS VERSION ADS_54.11
SID-109408,Senographe Essential VERSION ADS_54.11
SID-109414,Senographe Essential VERSION ADS_54.11
SID-109415,Senograph DS ADS_43.10.1
SID-109431,Senograph DS VERSION ADS_54.11
SID-109432,Senograph DS VERSION ADS_54.11
SID-109438,Senograph DS VERSION ADS_54.11
SID-109455,Senographe Essential VERSION ADS_54.11
SID-109459,Senograph DS VERSION ADS_54.11
SID-109467,Senograph DS VERSION ADS_54.11
SID-109471,Senograph DS VERSION ADS_54.11
SID-109481,Senographe Essential VERSION ADS_54.11
SID-109546,Senographe Essential VERSION ADS_54.11
SID-109554,Senographe Essential VERSION ADS_54.11
SID-109565,Senograph DS VERSION ADS_54.11
SID-109593,Senographe Essential VERSION ADS_54.11
SID-109613,Senograph DS VERSION ADS_54.11
SID-109615,Senographe Essential VERSION ADS_54.11
SID-109675,Senographe Essential VERSION ADS_54.11
SID-109676,Senograph DS VERSION ADS_54.11
SID-109682,Senographe Essential VERSION ADS_54.11
SID-109688,Senographe Essential VERSION ADS_54.11
SID-109709,Senograph DS VERSION ADS_54.11
SID-109755,Senograph DS ADS_43.10.1
SID-109778,Senographe Essential VERSION ADS_54.11
SID-109786,Senograph DS ADS_43.10.1
SID-109797,Senographe Essential VERSION ADS_54.11
SID-109813,Senograph DS VERSION ADS_54.11
SID-109823,Senographe Essential VERSION ADS_54.11
SID-109826,Senographe Essential VERSION ADS_54.11
SID-109833,Senographe Essential VERSION ADS_54.11
SID-109837,Senograph DS VERSION ADS_54.11
SID-109845,Senograph DS VERSION ADS_54.11
SID-109847,Senographe Essential VERSION ADS_54.11
SID-109849,Senograph DS VERSION ADS_54.11
SID-109851,Senograph DS VERSION ADS_54.11
SID-109870,Senographe Essential VERSION ADS_54.11
SID-109872,Senographe Essential VERSION ADS_54.11
SID-109886,Senograph DS ADS_43.10.1
SID-109888,Senographe Essential VERSION ADS_54.11
SID-109895,Senographe Essential VERSION ADS_54.11
SID-109900,Senographe Essential VERSION ADS_54.11
SID-109907,Senographe Essential VERSION ADS_54.11
SID-109910,Senographe Essential VERSION ADS_54.11
SID-109920,Senographe Essential VERSION ADS_54.11
SID-109946,Senographe Essential VERSION ADS_54.11
SID-109958,Senograph DS VERSION ADS_54.11
SID-109972,Senographe Essential VERSION ADS_54.11
SID-109974,Senographe Essential VERSION ADS_54.11
SID-109994,Senograph DS ADS_43.10.1
SID-110000,Senograph DS VERSION ADS_54.11
SID-110008,Senographe Essential VERSION ADS_54.11
SID-110011,Senographe Essential VERSION ADS_54.11
SID-110021,Senographe Essential VERSION ADS_54.11
SID-110042,Senograph DS VERSION ADS_54.11
SID-110043,Senographe Essential VERSION ADS_54.11
SID-110062,Senograph DS VERSION ADS_54.11
SID-110063,Senographe Essential VERSION ADS_54.11
SID-110066,Senographe Essential VERSION ADS_54.11
SID-110087,Senographe Essential VERSION ADS_54.11
SID-110088,Senograph DS VERSION ADS_54.11
SID-110100,Senograph DS VERSION ADS_54.11
SID-110126,Senographe Essential VERSION ADS_54.11
SID-110129,Senograph DS VERSION ADS_54.11
SID-110139,Senographe Essential VERSION ADS_54.11
SID-110146,Senographe Essential VERSION ADS_54.11
SID-110150,Senograph DS VERSION ADS_54.11
SID-110152,Senograph DS ADS_43.10.1
SID-110161,Senograph DS ADS_43.10.1
SID-110162,Senographe Essential VERSION ADS_54.11
SID-110200,Senograph DS VERSION ADS_54.11
SID-110217,Senographe Essential VERSION ADS_54.11
SID-110220,Senographe Essential VERSION ADS_54.11
SID-110246,Senograph DS ADS_43.10.1
SID-110261,Senographe Essential VERSION ADS_54.11
SID-110262,Senographe Essential VERSION ADS_54.11
SID-110268,Senograph DS VERSION ADS_54.11
SID-110303,Senographe Essential VERSION ADS_54.11
SID-110306,Senograph DS VERSION ADS_54.11
SID-110307,Senograph DS VERSION ADS_54.11
SID-110321,Senographe Essential VERSION ADS_54.11
SID-110338,Senographe Essential VERSION ADS_54.11
SID-110340,Senograph DS VERSION ADS_54.11
SID-110366,Senograph DS VERSION ADS_54.11
SID-110394,Senograph DS VERSION ADS_54.11
SID-110405,Senographe Essential VERSION ADS_54.11
SID-110413,Senograph DS VERSION ADS_54.11
SID-110417,Senograph DS VERSION ADS_54.11
SID-110452,Senograph DS VERSION ADS_54.11
SID-110463,Senograph DS VERSION ADS_54.11
SID-110476,Senograph DS ADS_43.10.1
SID-110482,Senograph DS VERSION ADS_54.11
SID-110502,Senographe Essential VERSION ADS_54.11
SID-110512,Senograph DS VERSION ADS_54.11
SID-110514,Senograph DS VERSION ADS_54.11
SID-110523,Senographe Essential VERSION ADS_54.11
SID-110527,Senograph DS VERSION ADS_54.11
SID-110597,Senographe Essential VERSION ADS_54.11
SID-110612,Senographe Essential VERSION ADS_54.11
SID-110614,Senographe Essential VERSION ADS_54.11
SID-110621,Senograph DS VERSION ADS_54.11
SID-110742,Senographe Essential VERSION ADS_54.11
SID-110751,Senographe Essential VERSION ADS_54.11
SID-110752,Senograph DS ADS_43.10.1
SID-110762,Senographe Essential VERSION ADS_54.11
SID-110772,Senograph DS ADS_43.10.1
SID-110789,Senographe Essential VERSION ADS_54.11
SID-110791,Senographe Essential VERSION ADS_54.11
SID-110796,Senographe Essential VERSION ADS_54.11
SID-110804,Senograph DS VERSION ADS_54.11
SID-110817,Senographe Essential VERSION ADS_54.11
SID-110831,Senographe Essential VERSION ADS_54.11
SID-110841,Senograph DS ADS_43.10.1
SID-110849,Senographe Essential VERSION ADS_54.11
SID-110852,Senographe Essential VERSION ADS_54.11
SID-110854,Senographe Essential VERSION ADS_54.11
SID-110863,Senograph DS VERSION ADS_54.11
SID-110903,Senograph DS VERSION ADS_54.11
SID-110924,Senograph DS ADS_43.10.1
SID-110944,Senograph DS VERSION ADS_54.11
SID-110976,Senographe Essential VERSION ADS_54.11
SID-111018,Senograph DS VERSION ADS_54.11
SID-111027,Senographe Essential VERSION ADS_54.11
SID-111037,Senograph DS VERSION ADS_54.11
SID-111040,Senograph DS VERSION ADS_54.11
SID-111049,Senograph DS VERSION ADS_54.11
SID-111064,Senographe Essential VERSION ADS_54.11
SID-111134,Senograph DS VERSION ADS_54.11
SID-111139,Senographe Essential VERSION ADS_54.11
SID-111159,Senographe Essential VERSION ADS_54.11
SID-111179,Senographe Essential VERSION ADS_54.11
SID-111210,Senographe Essential VERSION ADS_54.11
SID-111236,Senographe Essential VERSION ADS_54.11
SID-111258,Senograph DS VERSION ADS_54.11
SID-111266,Senographe Essential VERSION ADS_54.11
SID-111305,Senographe Essential VERSION ADS_54.11
SID-111311,Senographe Essential VERSION ADS_54.11
SID-111316,Senograph DS VERSION ADS_54.11
SID-111329,Senograph DS ADS_43.10.1
SID-111367,Senograph DS VERSION ADS_54.11
SID-111368,Senographe Essential VERSION ADS_54.11
SID-111381,Senographe Essential VERSION ADS_54.11
SID-111428,Senographe Essential VERSION ADS_54.11
SID-111447,Senograph DS VERSION ADS_54.11
SID-111457,Senographe Essential VERSION ADS_54.11
SID-111467,Senographe Essential VERSION ADS_54.11
SID-111476,Senographe Essential VERSION ADS_54.11
SID-111483,Senographe Essential VERSION ADS_54.11
SID-111485,Senograph DS VERSION ADS_54.11
SID-111497,Senographe Essential VERSION ADS_54.11
SID-111536,Senographe Essential VERSION ADS_54.11
SID-111561,Senograph DS VERSION ADS_54.11
SID-111576,Senograph DS ADS_43.10.1
SID-111582,Senographe Essential VERSION ADS_54.11
SID-111595,Senograph DS VERSION ADS_54.11
SID-111606,Senograph DS VERSION ADS_54.11
SID-111627,Senographe Essential VERSION ADS_54.11
SID-111651,Senographe Essential VERSION ADS_54.11
SID-111657,Senographe Essential VERSION ADS_54.11
SID-111674,Senographe Essential VERSION ADS_54.11
SID-111706,Senograph DS VERSION ADS_54.11
SID-111713,Senograph DS ADS_43.10.1
SID-111724,Senographe Essential VERSION ADS_54.11
SID-111762,Senographe Essential VERSION ADS_54.11
SID-111773,Senographe Essential VERSION ADS_54.11
SID-111785,Senographe Essential VERSION ADS_54.11
SID-111795,Senograph DS VERSION ADS_54.11
SID-111803,Senograph DS VERSION ADS_54.11
SID-111838,Senographe Essential VERSION ADS_54.11
SID-111878,Senograph DS VERSION ADS_54.11
SID-111927,Senograph DS VERSION ADS_54.11
SID-111930,Senograph DS VERSION ADS_54.11
SID-111931,Senographe Essential VERSION ADS_54.11
SID-111933,Senograph DS ADS_43.10.1
SID-111954,Senograph DS VERSION ADS_54.11
SID-111970,Senograph DS VERSION ADS_54.11
SID-111994,Senographe Essential VERSION ADS_54.11
SID-112015,Senographe Essential VERSION ADS_54.11
SID-112037,Senograph DS VERSION ADS_54.11
SID-112059,Senograph DS VERSION ADS_54.11
SID-112067,Senographe Essential VERSION ADS_54.11
SID-112071,Senograph DS VERSION ADS_54.11
SID-112092,Senograph DS VERSION ADS_54.11
SID-112096,Senographe Essential VERSION ADS_54.11
SID-112102,Senographe Essential VERSION ADS_54.11
SID-112134,Senograph DS VERSION ADS_54.11
SID-112140,Senographe Essential VERSION ADS_54.11
SID-112141,Senograph DS VERSION ADS_54.11
SID-112144,Senograph DS VERSION ADS_54.11
SID-112148,Senographe Essential VERSION ADS_54.11
SID-112150,Senographe Essential VERSION ADS_54.11
SID-112155,Senograph DS VERSION ADS_54.11
SID-112158,Senographe Essential VERSION ADS_54.11
SID-112161,Senograph DS VERSION ADS_54.11
SID-112179,Senograph DS VERSION ADS_54.11
SID-112180,Senograph DS VERSION ADS_54.11
SID-112181,Senographe Essential VERSION ADS_54.11
SID-112184,Senographe Essential VERSION ADS_54.11
SID-112195,Senographe Essential VERSION ADS_54.11
SID-112202,Senograph DS VERSION ADS_54.11
SID-112204,Senographe Essential VERSION ADS_54.11
SID-112231,Senographe Essential VERSION ADS_54.11
SID-112240,Senographe Essential VERSION ADS_54.11
SID-112302,Senographe Essential VERSION ADS_54.11
SID-112304,Senographe Essential VERSION ADS_54.11
SID-112336,Senograph DS VERSION ADS_54.11
SID-112339,Senographe Essential VERSION ADS_54.11
SID-112340,Senographe Essential VERSION ADS_54.11
SID-112364,Senograph DS VERSION ADS_54.11
SID-112376,Senographe Essential VERSION ADS_54.11
SID-112380,Senograph DS VERSION ADS_54.11
SID-112382,Senographe Essential VERSION ADS_54.11
SID-112402,Senographe Essential VERSION ADS_54.11
SID-112448,Senograph DS VERSION ADS_54.11
SID-112467,Senographe Essential VERSION ADS_54.11
SID-112502,Senographe Essential VERSION ADS_54.11
SID-112514,Senograph DS VERSION ADS_54.11
SID-112559,Senographe Essential VERSION ADS_54.11
SID-112576,Senographe Essential VERSION ADS_54.11
SID-112577,Senographe Essential VERSION ADS_54.11
SID-112586,Senographe Essential VERSION ADS_54.11
SID-112591,Senograph DS VERSION ADS_54.11
SID-112596,Senograph DS ADS_43.10.1
SID-112619,Senograph DS VERSION ADS_54.11
SID-112723,Senograph DS VERSION ADS_54.11
SID-112735,Senograph DS VERSION ADS_54.11
SID-112750,Senographe Essential VERSION ADS_54.11
SID-112778,Senograph DS VERSION ADS_54.11
SID-112814,Senograph DS VERSION ADS_54.11
SID-112865,Senographe Essential VERSION ADS_54.11
SID-112883,Senograph DS ADS_43.10.1
SID-112898,Senograph DS VERSION ADS_54.11
SID-112934,Senographe Essential VERSION ADS_54.11
SID-112941,Senograph DS VERSION ADS_54.11
SID-112960,Senographe Essential VERSION ADS_54.11
SID-112988,Senographe Essential VERSION ADS_54.11
SID-112996,Senographe Essential VERSION ADS_54.11
SID-113052,Senograph DS VERSION ADS_54.11
SID-113096,Senograph DS VERSION ADS_54.11
SID-113129,Senographe Essential VERSION ADS_54.11
SID-113185,Senographe Essential VERSION ADS_54.11
SID-113186,Senographe Essential VERSION ADS_54.11
SID-113191,Senographe Essential VERSION ADS_54.11
SID-113227,Senograph DS VERSION ADS_54.11
SID-113241,Senograph DS VERSION ADS_54.11
SID-113271,Senographe Essential VERSION ADS_54.11
SID-113293,Senographe Essential VERSION ADS_54.11
SID-113334,Senographe Essential VERSION ADS_54.11
SID-113386,Senographe Essential VERSION ADS_54.11
SID-113446,Senographe Essential VERSION ADS_54.11
SID-113533,Senographe Essential VERSION ADS_54.11
SID-113632,Senographe Essential VERSION ADS_54.11
SID-113649,Senographe Essential VERSION ADS_54.11
SID-113743,Senographe Essential VERSION ADS_54.11
SID-113772,Senographe Essential VERSION ADS_54.11
SID-113843,Senographe Essential VERSION ADS_54.11
SID-113845,Senograph DS VERSION ADS_54.11
SID-113850,Senograph DS VERSION ADS_54.11
SID-113860,Senographe Essential VERSION ADS_54.11
SID-114018,Senograph DS VERSION ADS_54.11
SID-114042,Senographe Essential VERSION ADS_54.11
SID-114100,Senograph DS VERSION ADS_54.11
SID-114107,Senographe Essential VERSION ADS_54.11
SID-114116,Senographe Essential VERSION ADS_54.11
SID-114182,Senograph DS ADS_43.10.1
SID-114203,Senographe Essential VERSION ADS_54.11
SID-114303,Senographe Essential VERSION ADS_54.11
SID-114308,Senographe Essential VERSION ADS_54.11
SID-114358,Senograph DS VERSION ADS_54.11
SID-114379,Senographe Essential VERSION ADS_54.11
SID-114390,Senographe Essential VERSION ADS_54.11
SID-114404,Senograph DS VERSION ADS_54.11
SID-114410,Senographe Essential VERSION ADS_54.11
SID-114474,Senograph DS VERSION ADS_54.11
SID-114507,Senograph DS VERSION ADS_54.11
SID-114523,Senographe Essential VERSION ADS_54.11
SID-114533,Senograph DS VERSION ADS_54.11
SID-114534,Senographe Essential VERSION ADS_54.11
SID-114554,Senographe Essential VERSION ADS_54.11
SID-114558,Senograph DS VERSION ADS_54.11
SID-114569,Senograph DS VERSION ADS_54.11
SID-114573,Senographe Essential VERSION ADS_54.11
SID-114597,Senographe Essential VERSION ADS_54.11
SID-114603,Senographe Essential VERSION ADS_54.11
SID-114625,Senograph DS VERSION ADS_54.11
SID-114626,Senograph DS VERSION ADS_54.11
SID-114628,Senographe Essential VERSION ADS_54.11
SID-114642,Senograph DS VERSION ADS_54.11
SID-114650,Senograph DS VERSION ADS_54.11
SID-114655,Senograph DS ADS_43.10.1
SID-114688,Senograph DS VERSION ADS_54.11
SID-114706,Senograph DS ADS_43.10.1
SID-114718,Senograph DS VERSION ADS_54.11
SID-114727,Senograph DS VERSION ADS_54.11
SID-114729,Senograph DS ADS_43.10.1
SID-114746,Senographe Essential VERSION ADS_54.11
SID-114749,Senograph DS VERSION ADS_54.11
SID-114758,Senographe Essential VERSION ADS_54.11
SID-114799,Senograph DS VERSION ADS_54.11
SID-114831,Senograph DS VERSION ADS_54.11
SID-114839,Senograph DS VERSION ADS_54.11
SID-114860,Senographe Essential VERSION ADS_54.11
SID-114894,Senograph DS VERSION ADS_54.11
SID-114900,Senographe Essential VERSION ADS_54.11
SID-114920,Senographe Essential VERSION ADS_54.11
SID-114921,Senograph DS ADS_43.10.1
SID-114952,Senographe Essential VERSION ADS_54.11
SID-114968,Senographe Essential VERSION ADS_54.11
SID-115027,Senographe Essential VERSION ADS_54.11
SID-115045,Senograph DS ADS_43.10.1
SID-115057,Senograph DS VERSION ADS_54.11
SID-115072,Senograph DS VERSION ADS_54.11
SID-115152,Senograph DS ADS_43.10.1
SID-115158,Senograph DS VERSION ADS_54.11
SID-115168,Senographe Essential VERSION ADS_54.11
SID-115206,Senograph DS VERSION ADS_54.11
SID-115210,Senographe Essential VERSION ADS_54.11
SID-115222,Senograph DS ADS_43.10.1
SID-115272,Senographe Essential VERSION ADS_54.11
SID-115279,Senograph DS VERSION ADS_54.11
SID-115286,Senographe Essential VERSION ADS_54.11
SID-115298,Senographe Essential VERSION ADS_54.11
SID-115299,Senographe Essential VERSION ADS_54.11
SID-115305,Senograph DS ADS_43.10.1
SID-115306,Senograph DS VERSION ADS_54.11
SID-115313,Senograph DS VERSION ADS_54.11
SID-115324,Senographe Essential VERSION ADS_54.11
SID-115337,Senographe Essential VERSION ADS_54.11
SID-115377,Senographe Essential VERSION ADS_54.11
SID-115391,Senographe Essential VERSION ADS_54.11
SID-115395,Senographe Essential VERSION ADS_54.11
SID-115399,Senographe Essential VERSION ADS_54.11
SID-115404,Senograph DS VERSION ADS_54.11
SID-115425,Senograph DS VERSION ADS_54.11
SID-115432,Senograph DS VERSION ADS_54.11
SID-115469,Senographe Essential VERSION ADS_54.11
SID-115478,Senographe Essential VERSION ADS_54.11
SID-115518,Senographe Essential VERSION ADS_54.11
SID-115529,Senograph DS ADS_43.10.1
SID-115530,Senographe Essential VERSION ADS_54.11
SID-115577,Senographe Essential VERSION ADS_54.11
SID-115581,Senographe Essential VERSION ADS_54.11
SID-115637,Senograph DS VERSION ADS_54.11
SID-115651,Senograph DS VERSION ADS_54.11
SID-115658,Senograph DS ADS_43.10.1
SID-115659,Senographe Essential VERSION ADS_54.11
SID-115681,Senographe Essential VERSION ADS_54.11
SID-115682,Senograph DS ADS_43.10.1
SID-115683,Senographe Essential VERSION ADS_54.11
SID-115692,Senographe Essential VERSION ADS_54.11
SID-115724,Senograph DS VERSION ADS_54.11
SID-115734,Senograph DS VERSION ADS_54.11
SID-115752,Senographe Essential VERSION ADS_54.11
SID-115775,Senographe Essential VERSION ADS_54.11
SID-115803,Senographe Essential VERSION ADS_54.11
SID-115837,Senographe Essential VERSION ADS_54.11
SID-115856,Senographe Essential VERSION ADS_54.11
SID-115910,Senograph DS ADS_43.10.1
SID-115917,Senograph DS VERSION ADS_54.11
SID-115924,Senograph DS ADS_43.10.1
SID-115929,Senographe Essential VERSION ADS_54.11
SID-115958,Senograph DS VERSION ADS_54.11
SID-115968,Senographe Essential VERSION ADS_54.11
SID-115972,Senographe Essential VERSION ADS_54.11
SID-115978,Senograph DS VERSION ADS_54.11
SID-115989,Senograph DS VERSION ADS_54.11
SID-115996,Senograph DS VERSION ADS_54.11
SID-115997,Senographe Essential VERSION ADS_54.11
SID-116010,Senographe Essential VERSION ADS_54.11
SID-116013,Senographe Essential VERSION ADS_54.11
SID-116024,Senograph DS VERSION ADS_54.11
SID-116070,Senographe Essential VERSION ADS_54.11
SID-116086,Senographe Essential VERSION ADS_54.11
SID-116112,Senographe Essential VERSION ADS_54.11
SID-116132,Senographe Essential VERSION ADS_54.11
SID-116137,Senograph DS VERSION ADS_54.11
SID-116138,Senographe Essential VERSION ADS_54.11
SID-116142,Senograph DS ADS_43.10.1
SID-116166,Senographe Essential VERSION ADS_54.11
SID-116192,Senograph DS VERSION ADS_54.11
SID-116201,Senograph DS ADS_43.10.1
SID-116206,Senograph DS VERSION ADS_54.11
SID-116215,Senographe Essential VERSION ADS_54.11
SID-116248,Senograph DS VERSION ADS_54.11
SID-116256,Senograph DS VERSION ADS_54.11
SID-116301,Senographe Essential VERSION ADS_54.11
SID-116305,Senograph DS VERSION ADS_54.11
SID-116326,Senograph DS VERSION ADS_54.11
SID-116354,Senograph DS VERSION ADS_54.11
SID-116369,Senograph DS ADS_43.10.1
SID-116378,Senograph DS VERSION ADS_54.11
SID-116391,Senographe Essential VERSION ADS_54.11
SID-116400,Senograph DS ADS_43.10.1
SID-116409,Senographe Essential VERSION ADS_54.11
SID-116411,Senographe Essential VERSION ADS_54.11
SID-116438,Senograph DS VERSION ADS_54.11
SID-116490,Senograph DS VERSION ADS_54.11
SID-116498,Senographe Essential VERSION ADS_54.11
SID-116518,Senograph DS VERSION ADS_54.11
SID-116528,Senographe Essential VERSION ADS_54.11
SID-116558,Senographe Essential VERSION ADS_54.11
SID-116602,Senographe Essential VERSION ADS_54.11
SID-116619,Senograph DS VERSION ADS_54.11
SID-116636,Senographe Essential VERSION ADS_54.11
SID-116649,Senographe Essential VERSION ADS_54.11
SID-116651,Senographe Essential VERSION ADS_54.11
SID-116652,Senographe Essential VERSION ADS_54.11
SID-116666,Senograph DS VERSION ADS_54.11
SID-116670,Senograph DS VERSION ADS_54.11
SID-116682,Senographe Essential VERSION ADS_54.11
SID-116694,Senographe Essential VERSION ADS_54.11
SID-116767,Senographe Essential VERSION ADS_54.11
SID-116770,Senographe Essential VERSION ADS_54.11
SID-116794,Senograph DS VERSION ADS_54.11
SID-116822,Senographe Essential VERSION ADS_54.11
SID-116856,Senographe Essential VERSION ADS_54.11
SID-116891,Senograph DS VERSION ADS_54.11
SID-116925,Senographe Essential VERSION ADS_54.11
SID-116979,Senographe Essential VERSION ADS_54.11
SID-116989,Senograph DS ADS_43.10.1
SID-117019,Senographe Essential VERSION ADS_54.11
SID-117054,Senograph DS VERSION ADS_54.11
SID-117074,Senograph DS VERSION ADS_54.11
SID-117081,Senographe Essential VERSION ADS_54.11
SID-117095,Senograph DS VERSION ADS_54.11
SID-117101,Senograph DS VERSION ADS_54.11
SID-117125,Senograph DS VERSION ADS_54.11
SID-117152,Senographe Essential VERSION ADS_54.11
SID-117167,Senographe Essential VERSION ADS_54.11
SID-117213,Senograph DS VERSION ADS_54.11
SID-117233,Senographe Essential VERSION ADS_54.11
SID-117234,Senograph DS VERSION ADS_54.11
SID-117246,Senographe Essential VERSION ADS_54.11
SID-117261,Senographe Essential VERSION ADS_54.11
SID-117264,Senograph DS VERSION ADS_54.11
SID-117281,Senograph DS ADS_43.10.1
SID-117307,Senograph DS VERSION ADS_54.11
SID-117309,Senograph DS VERSION ADS_54.11
SID-117311,Senographe Essential VERSION ADS_54.11
SID-117317,Senographe Essential VERSION ADS_54.11
SID-117408,Senographe Essential VERSION ADS_54.11
SID-117421,Senograph DS VERSION ADS_54.11
SID-117464,Senographe Essential VERSION ADS_54.11
SID-117499,Senographe Essential VERSION ADS_54.11
SID-117521,Senographe Essential VERSION ADS_54.11
SID-117595,Senographe Essential VERSION ADS_54.11
SID-117667,Senographe Essential VERSION ADS_54.11
SID-117668,Senographe Essential VERSION ADS_54.11
SID-117671,Senographe Essential VERSION ADS_54.11
SID-117672,Senograph DS VERSION ADS_54.11
SID-117673,Senographe Essential VERSION ADS_54.11
SID-117683,Senograph DS VERSION ADS_54.11
SID-117688,Senograph DS VERSION ADS_54.11
SID-117703,Senographe Essential VERSION ADS_54.11
SID-117760,Senograph DS ADS_43.10.1
SID-117782,Senograph DS VERSION ADS_54.11
SID-117809,Senographe Essential VERSION ADS_54.11
SID-117815,Senographe Essential VERSION ADS_54.11
SID-117850,Senographe Essential VERSION ADS_54.11
SID-117863,Senograph DS VERSION ADS_54.11
SID-117893,Senographe Essential VERSION ADS_54.11
SID-117912,Senographe Essential VERSION ADS_54.11
SID-117916,Senograph DS VERSION ADS_54.11
SID-117928,Senographe Essential VERSION ADS_54.11
SID-117929,Senographe Essential VERSION ADS_54.11
SID-117932,Senographe Essential VERSION ADS_54.11
SID-117933,Senographe Essential VERSION ADS_54.11
SID-117934,Senographe Essential VERSION ADS_54.11
SID-117965,Senographe Essential VERSION ADS_54.11
SID-117988,Senographe Essential VERSION ADS_54.11
SID-117992,Senographe Essential VERSION ADS_54.11
SID-118022,Senograph DS ADS_43.10.1
SID-118033,Senograph DS VERSION ADS_54.11
SID-118044,Senographe Essential VERSION ADS_54.11
SID-118055,Senograph DS VERSION ADS_54.11
SID-118064,Senographe Essential VERSION ADS_54.11
SID-118065,Senographe Essential VERSION ADS_54.11
SID-118078,Senograph DS ADS_43.10.1
SID-118133,Senograph DS ADS_43.10.1
SID-118205,Senograph DS VERSION ADS_54.11
SID-118221,Senographe Essential VERSION ADS_54.11
SID-118283,Senograph DS VERSION ADS_54.11
SID-118291,Senograph DS ADS_43.10.1
SID-118300,Senographe Essential VERSION ADS_54.11
SID-118363,Senographe Essential VERSION ADS_54.11
SID-118367,Senographe Essential VERSION ADS_54.11
SID-118420,Senographe Essential VERSION ADS_54.11
SID-118425,Senograph DS VERSION ADS_54.11
SID-118428,Senograph DS VERSION ADS_54.11
SID-118448,Senographe Essential VERSION ADS_54.11
SID-118463,Senographe Essential VERSION ADS_54.11
SID-118468,Senograph DS VERSION ADS_54.11
SID-118538,Senographe Essential VERSION ADS_54.11
SID-118544,Senograph DS VERSION ADS_54.11
SID-118550,Senographe Essential VERSION ADS_54.11
SID-118564,Senograph DS ADS_43.10.1
SID-118573,Senographe Essential VERSION ADS_54.11
SID-118585,Senograph DS VERSION ADS_54.11
SID-118613,Senograph DS ADS_43.10.1
SID-118664,Senograph DS VERSION ADS_54.11
SID-118717,Senographe Essential VERSION ADS_54.11
SID-118751,Senograph DS VERSION ADS_54.11
SID-118756,Senograph DS VERSION ADS_54.11
SID-118779,Senograph DS VERSION ADS_54.11
SID-118801,Senographe Essential VERSION ADS_54.11
SID-118809,Senograph DS VERSION ADS_54.11
SID-118813,Senograph DS VERSION ADS_54.11
SID-118822,Senograph DS VERSION ADS_54.11
SID-118881,Senographe Essential VERSION ADS_54.11
SID-118950,Senographe Essential VERSION ADS_54.11
SID-119075,Senographe Essential VERSION ADS_54.11
SID-119277,Senograph DS VERSION ADS_54.11
SID-119312,Senographe Essential VERSION ADS_54.11
SID-119321,Senograph DS VERSION ADS_54.11
SID-119375,Senograph DS VERSION ADS_54.11
SID-119467,Senograph DS VERSION ADS_54.11
SID-119468,Senographe Essential VERSION ADS_54.11
SID-119587,Senograph DS VERSION ADS_54.11
SID-119754,Senograph DS ADS_43.10.1
SID-119795,Senographe Essential VERSION ADS_54.11
SID-119850,Senographe Essential VERSION ADS_54.11
SID-119912,Senograph DS VERSION ADS_54.11
SID-119932,Senograph DS VERSION ADS_54.11
SID-119949,Senograph DS VERSION ADS_54.11
SID-119980,Senographe Essential VERSION ADS_54.11
SID-119987,Senographe Essential VERSION ADS_54.11
SID-119995,Senograph DS VERSION ADS_54.11
SID-120038,Senograph DS ADS_43.10.1
SID-120118,Senograph DS VERSION ADS_54.11
SID-120171,Senographe Essential VERSION ADS_54.11
SID-120243,Senographe Essential VERSION ADS_54.11
SID-120292,Senographe Essential VERSION ADS_54.11
SID-120293,Senograph DS VERSION ADS_54.11
SID-120349,Senographe Essential VERSION ADS_54.11
SID-120353,Senograph DS VERSION ADS_54.11
SID-120381,Senograph DS VERSION ADS_54.11
SID-120385,Senographe Essential VERSION ADS_54.11
SID-120393,Senograph DS VERSION ADS_54.11
SID-120407,Senographe Essential VERSION ADS_54.11
SID-120420,Senographe Essential VERSION ADS_54.11
SID-120424,Senograph DS VERSION ADS_54.11
SID-120461,Senograph DS VERSION ADS_54.11
SID-120491,Senograph DS VERSION ADS_54.11
SID-120503,Senograph DS VERSION ADS_54.11
SID-120504,Senograph DS VERSION ADS_54.11
SID-120510,Senographe Essential VERSION ADS_54.11
SID-120521,Senographe Essential VERSION ADS_54.11
SID-120527,Senographe Essential VERSION ADS_54.11
SID-120554,Senographe Essential VERSION ADS_54.11
SID-120656,Senographe Essential VERSION ADS_54.11
SID-120660,Senographe Essential VERSION ADS_54.11
SID-120709,Senograph DS VERSION ADS_54.11
SID-120710,Senographe Essential VERSION ADS_54.11
SID-120732,Senographe Essential VERSION ADS_54.11
SID-120734,Senographe Essential VERSION ADS_54.11
SID-120747,Senograph DS VERSION ADS_54.11
SID-120761,Senograph DS ADS_43.10.1
SID-120836,Senograph DS VERSION ADS_54.11
SID-120857,Senographe Essential VERSION ADS_54.11
SID-120874,Senograph DS VERSION ADS_54.11
SID-120885,Senograph DS VERSION ADS_54.11
SID-120957,Senograph DS VERSION ADS_54.11
SID-120960,Senograph DS VERSION ADS_54.11
SID-120968,Senographe Essential VERSION ADS_54.11
SID-120988,Senograph DS VERSION ADS_54.11
SID-121014,Senographe Essential VERSION ADS_54.11
SID-121027,Senograph DS VERSION ADS_54.11
SID-121052,Senograph DS VERSION ADS_54.11
SID-121099,Senograph DS VERSION ADS_54.11
SID-121120,Senographe Essential VERSION ADS_54.11
SID-121123,Senograph DS VERSION ADS_54.11
SID-121153,Senographe Essential VERSION ADS_54.11
SID-121172,Senographe Essential VERSION ADS_54.11
SID-121182,Senographe Essential VERSION ADS_54.11
SID-121221,Senographe Essential VERSION ADS_54.11
SID-121222,Senographe Essential VERSION ADS_54.11
SID-121250,Senographe Essential VERSION ADS_54.11
SID-121292,Senographe Essential VERSION ADS_54.11
SID-121306,Senograph DS VERSION ADS_54.11
SID-121313,Senograph DS VERSION ADS_54.11
SID-121316,Senograph DS VERSION ADS_54.11
SID-121393,Senograph DS ADS_43.10.1
SID-121420,Senographe Essential VERSION ADS_54.11
SID-121421,Senograph DS VERSION ADS_54.11
SID-121429,Senograph DS VERSION ADS_54.11
SID-121443,Senographe Essential VERSION ADS_54.11
SID-121449,Senograph DS VERSION ADS_54.11
SID-121452,Senographe Essential VERSION ADS_54.11
SID-121503,Senograph DS VERSION ADS_54.11
SID-121546,Senographe Essential VERSION ADS_54.11
SID-121576,Senographe Essential VERSION ADS_54.11
SID-121582,Senograph DS VERSION ADS_54.11
SID-121594,Senograph DS ADS_43.10.1
SID-121602,Senograph DS VERSION ADS_54.11
SID-121646,Senograph DS ADS_43.10.1
SID-121670,Senographe Essential VERSION ADS_54.11
SID-121683,Senographe Essential VERSION ADS_54.11
SID-121734,Senograph DS ADS_43.10.1
SID-121754,Senographe Essential VERSION ADS_54.11
SID-121788,Senographe Essential VERSION ADS_54.11
SID-121805,Senographe Essential VERSION ADS_54.11
SID-121808,Senographe Essential VERSION ADS_54.11
SID-121824,Senographe Essential VERSION ADS_54.11
SID-121829,Senograph DS VERSION ADS_54.11
SID-121858,Senograph DS VERSION ADS_54.11
SID-121864,Senographe Essential VERSION ADS_54.11
SID-121867,Senograph DS VERSION ADS_54.11
SID-121995,Senographe Essential VERSION ADS_54.11
SID-122005,Senographe Essential VERSION ADS_54.11
SID-122007,Senographe Essential VERSION ADS_54.11
SID-122036,Senograph DS VERSION ADS_54.11
SID-122075,Senographe Essential VERSION ADS_54.11
SID-122097,Senograph DS VERSION ADS_54.11
SID-122113,Senographe Essential VERSION ADS_54.11
SID-122123,Senograph DS VERSION ADS_54.11
SID-122126,Senographe Essential VERSION ADS_54.11
SID-122160,Senographe Essential VERSION ADS_54.11
SID-122175,Senographe Essential VERSION ADS_54.11
SID-122203,Senographe Essential VERSION ADS_54.11
SID-122296,Senograph DS ADS_43.10.1
SID-122315,Senographe Essential VERSION ADS_54.11
SID-122332,Senograph DS VERSION ADS_54.11
SID-122339,Senographe Essential VERSION ADS_54.11
SID-122341,Senograph DS VERSION ADS_54.11
SID-122358,Senograph DS VERSION ADS_54.11
SID-122431,Senograph DS VERSION ADS_54.11
SID-122437,Senographe Essential VERSION ADS_54.11
SID-122440,Senograph DS ADS_43.10.1
SID-122493,Senographe Essential VERSION ADS_54.11
SID-122499,Senograph DS VERSION ADS_54.11
SID-122523,Senograph DS VERSION ADS_54.11
SID-122558,Senograph DS VERSION ADS_54.11
SID-122610,Senographe Essential VERSION ADS_54.11
SID-122621,Senograph DS VERSION ADS_54.11
SID-122625,Senograph DS VERSION ADS_54.11
SID-122643,Senograph DS VERSION ADS_54.11
SID-122650,Senograph DS VERSION ADS_54.11
SID-122664,Senograph DS VERSION ADS_54.11
SID-122678,Senographe Essential VERSION ADS_54.11
SID-122688,Senographe Essential VERSION ADS_54.11
SID-122709,Senographe Essential VERSION ADS_54.11
SID-122714,Senographe Essential VERSION ADS_54.11
SID-122727,Senograph DS VERSION ADS_54.11
SID-122736,Senograph DS VERSION ADS_54.11
SID-122764,Senograph DS VERSION ADS_54.11
SID-122778,Senograph DS VERSION ADS_54.11
SID-122782,Senographe Essential VERSION ADS_54.11
SID-122807,Senograph DS VERSION ADS_54.11
SID-122819,Senographe Essential VERSION ADS_54.11
SID-122825,Senographe Essential VERSION ADS_54.11
SID-122856,Senograph DS VERSION ADS_54.11
SID-122894,Senographe Essential VERSION ADS_54.11
SID-122923,Senographe Essential VERSION ADS_54.11
SID-122924,Senograph DS VERSION ADS_54.11
SID-122991,Senographe Essential VERSION ADS_54.11
SID-123005,Senograph DS VERSION ADS_54.11
SID-123100,Senograph DS VERSION ADS_54.11
SID-123117,Senographe Essential VERSION ADS_54.11
SID-123146,Senograph DS VERSION ADS_54.11
SID-123149,Senographe Essential VERSION ADS_54.11
SID-123181,Senographe Essential VERSION ADS_54.11
SID-123285,Senographe Essential VERSION ADS_54.11
SID-123299,Senograph DS VERSION ADS_54.11
SID-123351,Senograph DS VERSION ADS_54.11
SID-123394,Senograph DS VERSION ADS_54.11
SID-123478,Senograph DS VERSION ADS_54.11
SID-123523,Senographe Essential VERSION ADS_54.11
SID-123561,Senographe Essential VERSION ADS_54.11
SID-123576,Senograph DS VERSION ADS_54.11
SID-123577,Senograph DS VERSION ADS_54.11
SID-123663,Senograph DS VERSION ADS_54.11
SID-123684,Senographe Essential VERSION ADS_54.11
SID-123686,Senographe Essential VERSION ADS_54.11
SID-123740,Senograph DS VERSION ADS_54.11
SID-123753,Senograph DS VERSION ADS_54.11
SID-123755,Senograph DS VERSION ADS_54.11
SID-123817,Senograph DS VERSION ADS_54.11
SID-123887,Senographe Essential VERSION ADS_54.11
SID-123936,Senograph DS VERSION ADS_54.11
SID-123963,Senograph DS VERSION ADS_54.11
SID-123999,Senograph DS VERSION ADS_54.11
SID-124085,Senographe Essential VERSION ADS_54.11
SID-124141,Senograph DS VERSION ADS_54.11
SID-124199,Senograph DS VERSION ADS_54.11
SID-124245,Senographe Essential VERSION ADS_54.11
SID-124339,Senographe Essential VERSION ADS_54.11
SID-124393,Senographe Essential VERSION ADS_54.11
SID-124489,Senographe Essential VERSION ADS_54.11
SID-124583,Senographe Essential VERSION ADS_54.11
SID-124649,Senograph DS VERSION ADS_54.11
SID-124706,Senograph DS VERSION ADS_54.11
SID-124769,Senograph DS VERSION ADS_54.11
SID-124783,Senographe Essential VERSION ADS_54.11
SID-124835,Senograph DS VERSION ADS_54.11
SID-124930,Senographe Essential VERSION ADS_54.11
SID-124955,Senograph DS VERSION ADS_54.11
SID-124989,Senograph DS VERSION ADS_54.11
SID-124990,Senographe Essential VERSION ADS_54.11
SID-125011,Senograph DS VERSION ADS_54.11
SID-125030,Senograph DS VERSION ADS_54.11
SID-125195,Senographe Essential VERSION ADS_54.11
SID-125325,Senographe Essential VERSION ADS_54.11
SID-125377,Senographe Essential VERSION ADS_54.11
SID-125400,Senographe Essential VERSION ADS_54.11
SID-125521,Senograph DS VERSION ADS_54.11
SID-125643,Senograph DS VERSION ADS_54.11
SID-125759,Senograph DS VERSION ADS_54.11
SID-125845,Senographe Essential VERSION ADS_54.11
SID-125891,Senographe Essential VERSION ADS_54.11
SID-126079,Senograph DS VERSION ADS_54.11
SID-126140,Senographe Essential VERSION ADS_54.11
SID-126185,Senograph DS VERSION ADS_54.11
SID-126222,Senograph DS VERSION ADS_54.11
SID-126228,Senographe Essential VERSION ADS_54.11
SID-126248,Senographe Essential VERSION ADS_54.11
SID-126298,Senographe Essential VERSION ADS_54.11
SID-126356,Senographe Essential VERSION ADS_54.11
SID-126575,Senographe Essential VERSION ADS_54.11
SID-126634,Senograph DS VERSION ADS_54.11
SID-126784,Senograph DS VERSION ADS_54.11
SID-126836,Senograph DS VERSION ADS_54.11
SID-126983,Senographe Essential VERSION ADS_54.11
SID-127047,Senographe Essential VERSION ADS_54.11
SID-127058,Senograph DS VERSION ADS_54.11
SID-127155,Senographe Essential VERSION ADS_54.11
SID-127185,Senograph DS ADS_43.10.1
SID-127187,Senograph DS VERSION ADS_54.11
SID-127221,Senograph DS VERSION ADS_54.11
SID-127239,Senographe Essential VERSION ADS_54.11
SID-127264,Senographe Essential VERSION ADS_54.11
SID-127281,Senographe Essential VERSION ADS_54.11
SID-127288,Senographe Essential VERSION ADS_54.11
SID-127337,Senographe Essential VERSION ADS_54.11
SID-127391,Senograph DS VERSION ADS_54.11
SID-127394,Senographe Essential VERSION ADS_54.11
SID-127424,Senograph DS VERSION ADS_54.11
SID-127425,Senographe Essential VERSION ADS_54.11
SID-127531,Senographe Essential VERSION ADS_54.11
SID-127540,Senographe Essential VERSION ADS_54.11
SID-127586,Senographe Essential VERSION ADS_54.11
SID-127588,Senographe Essential VERSION ADS_54.11
SID-127620,Senographe Essential VERSION ADS_54.11
SID-127667,Senographe Essential VERSION ADS_54.11
SID-127787,Senograph DS VERSION ADS_54.11
SID-127800,Senograph DS VERSION ADS_54.11
SID-127808,Senographe Essential VERSION ADS_54.11
SID-127820,Senographe Essential VERSION ADS_54.11
SID-127834,Senograph DS VERSION ADS_54.11
SID-127881,Senographe Essential VERSION ADS_54.11
SID-127896,Senograph DS VERSION ADS_54.11
SID-127960,Senograph DS VERSION ADS_54.11
SID-128079,Senograph DS VERSION ADS_54.11
SID-128083,Senograph DS ADS_43.10.1
SID-128155,Senograph DS VERSION ADS_54.11
SID-128395,Senograph DS VERSION ADS_54.11
SID-128402,Senograph DS ADS_43.10.1
SID-128409,Senograph DS VERSION ADS_54.11
SID-128472,Senographe Essential VERSION ADS_54.11
SID-128547,Senographe Essential VERSION ADS_54.11
SID-128731,Senograph DS VERSION ADS_54.11
SID-128768,Senograph DS VERSION ADS_54.11
SID-128796,Senograph DS VERSION ADS_54.11
SID-128801,Senograph DS VERSION ADS_54.11
SID-128879,Senographe Essential VERSION ADS_54.11
SID-128884,Senographe Essential VERSION ADS_54.11
SID-128926,Senograph DS VERSION ADS_54.11
SID-128949,Senograph DS ADS_43.10.1
SID-128952,Senograph DS VERSION ADS_54.11
SID-128993,Senographe Essential VERSION ADS_54.11
SID-129182,Senographe Essential VERSION ADS_54.11
SID-129203,Senographe Essential VERSION ADS_54.11
SID-129371,Senograph DS VERSION ADS_54.11
SID-129443,Senograph DS VERSION ADS_54.11
SID-129482,Senograph DS VERSION ADS_54.11
SID-129503,Senographe Essential VERSION ADS_54.11
SID-129504,Senographe Essential VERSION ADS_54.11
SID-129516,Senographe Essential VERSION ADS_54.11
SID-129574,Senographe Essential VERSION ADS_54.11
SID-129615,Senograph DS VERSION ADS_54.11
SID-130003,Senograph DS VERSION ADS_54.11
SID-130101,Senographe Essential VERSION ADS_54.11
SID-130122,Senograph DS VERSION ADS_54.11
SID-130161,Senograph DS VERSION ADS_54.11
SID-130162,Senographe Essential VERSION ADS_54.11
SID-130267,Senograph DS VERSION ADS_54.11
SID-130373,Senograph DS VERSION ADS_54.11
SID-130460,Senograph DS VERSION ADS_54.11
SID-130469,Senograph DS VERSION ADS_54.11
SID-130653,Senograph DS VERSION ADS_54.11
SID-130655,Senographe Essential VERSION ADS_54.11
SID-130662,Senographe Essential VERSION ADS_54.11
SID-130671,Senograph DS VERSION ADS_54.11
SID-130720,Senographe Essential VERSION ADS_54.11
SID-130807,Senograph DS VERSION ADS_54.11
SID-130911,Senographe Essential VERSION ADS_54.11
SID-131106,Senographe Essential VERSION ADS_54.11
SID-131162,Senographe Essential VERSION ADS_54.11
SID-131182,Senograph DS VERSION ADS_54.11
SID-131264,Senographe Essential VERSION ADS_54.11
SID-131337,Senograph DS VERSION ADS_54.11
SID-131383,Senograph DS VERSION ADS_54.11
SID-131491,Senographe Essential VERSION ADS_54.11
SID-131571,Senograph DS VERSION ADS_54.11
SID-131602,Senographe Essential VERSION ADS_54.11
SID-131615,Senographe Essential VERSION ADS_54.11
SID-131631,Senographe Essential VERSION ADS_54.11
SID-131668,Senograph DS VERSION ADS_54.11
SID-131683,Senograph DS VERSION ADS_54.11
SID-131685,Senograph DS VERSION ADS_54.11
SID-131687,Senograph DS VERSION ADS_54.11
SID-131730,Senograph DS VERSION ADS_54.11
SID-131819,Senograph DS VERSION ADS_54.11
SID-131863,Senograph DS VERSION ADS_54.11
SID-132013,Senograph DS VERSION ADS_54.11
SID-132036,Senograph DS VERSION ADS_54.11
SID-132045,Senograph DS VERSION ADS_54.11
SID-132085,Senograph DS VERSION ADS_54.11
SID-132106,Senograph DS VERSION ADS_54.11
SID-132145,Senograph DS VERSION ADS_54.11
SID-132165,Senographe Essential VERSION ADS_54.11
SID-132224,Senographe Essential VERSION ADS_54.11
SID-132256,Senographe Essential VERSION ADS_54.11
SID-132292,Senograph DS VERSION ADS_54.11
SID-132340,Senograph DS VERSION ADS_54.11
SID-132450,Senograph DS VERSION ADS_54.11
SID-132462,Senograph DS VERSION ADS_54.11
SID-132510,Senograph DS VERSION ADS_54.11
SID-132570,Senographe Essential VERSION ADS_54.11
SID-132653,Senographe Essential VERSION ADS_54.11
SID-132849,Senograph DS VERSION ADS_54.11
SID-132906,Senographe Essential VERSION ADS_54.11
SID-133080,Senographe Essential VERSION ADS_54.11
SID-133165,Senographe Essential VERSION ADS_54.11
SID-133218,Senograph DS VERSION ADS_54.11
SID-133249,Senographe Essential VERSION ADS_54.11
SID-133265,Senographe Essential VERSION ADS_54.11
SID-133345,Senographe Essential VERSION ADS_54.11
SID-133366,Senograph DS VERSION ADS_54.11
SID-133382,Senographe Essential VERSION ADS_54.11
SID-133385,Senograph DS VERSION ADS_54.11
SID-133552,Senograph DS VERSION ADS_54.11
SID-133578,Senograph DS VERSION ADS_54.11
SID-133583,Senograph DS VERSION ADS_54.11
SID-133612,Senographe Essential VERSION ADS_54.11
SID-133687,Senograph DS VERSION ADS_54.11
SID-133845,Senographe Essential VERSION ADS_54.11
SID-133885,Senograph DS VERSION ADS_54.11
SID-133914,Senographe Essential VERSION ADS_54.11
SID-134208,Senographe Essential VERSION ADS_54.11
SID-134275,Senographe Essential VERSION ADS_54.11
SID-134364,Senographe Essential VERSION ADS_54.11
SID-134372,Senographe Essential VERSION ADS_54.11
SID-134416,Senographe Essential VERSION ADS_54.11
SID-134436,Senographe Essential VERSION ADS_54.11
SID-134490,Senograph DS VERSION ADS_54.11
SID-134492,Senograph DS VERSION ADS_54.11
SID-134545,Senograph DS VERSION ADS_54.11
SID-134593,Senograph DS VERSION ADS_54.11
SID-134659,Senograph DS VERSION ADS_54.11
SID-134734,Senograph DS VERSION ADS_54.11
SID-134794,Senographe Essential VERSION ADS_54.11
SID-134816,Senograph DS VERSION ADS_54.11
SID-134880,Senograph DS VERSION ADS_54.11
SID-134913,Senographe Essential VERSION ADS_54.11
SID-134968,Senograph DS VERSION ADS_54.11
SID-135005,Senograph DS VERSION ADS_54.11
SID-135055,Senograph DS VERSION ADS_54.11
SID-135203,Senographe Essential VERSION ADS_54.11
SID-135338,Senographe Essential VERSION ADS_54.11
SID-135355,Senographe Essential VERSION ADS_54.11
SID-135400,Senograph DS VERSION ADS_54.11
SID-135518,Senograph DS VERSION ADS_54.11
SID-135693,Senograph DS VERSION ADS_54.11
SID-135722,Senograph DS VERSION ADS_54.11
SID-135739,Senographe Essential VERSION ADS_54.11
SID-135889,Senograph DS VERSION ADS_54.11
SID-136191,Senographe Essential VERSION ADS_54.11
SID-136274,Senograph DS VERSION ADS_54.11
SID-136324,Senograph DS VERSION ADS_54.11
SID-136417,Senograph DS VERSION ADS_54.11
SID-136500,Senograph DS VERSION ADS_54.11
SID-136946,Senographe Essential VERSION ADS_54.11
SID-136967,Senograph DS VERSION ADS_54.11
SID-137237,Senograph DS VERSION ADS_54.11
SID-137294,Senographe Essential VERSION ADS_54.11
SID-137486,Senograph DS VERSION ADS_54.11
SID-137509,Senographe Essential VERSION ADS_54.11
SID-137600,Senographe Essential VERSION ADS_54.11
SID-137612,Senographe Essential VERSION ADS_54.11
SID-137764,Senograph DS VERSION ADS_54.11
SID-137773,Senograph DS VERSION ADS_54.11
SID-137858,Senographe Essential VERSION ADS_54.11
SID-138012,Senograph DS VERSION ADS_54.11
SID-138027,Senographe Essential VERSION ADS_54.11
